tenure,MonthlyCharges,TotalCharges
9.0,35.5,403.5625
56.0,89.8,3799.6000000000004
47.0,54.3,3396.0375000000004
